Date,Balance_Status,Regime,Feed_C2_mol%,Feed_C3_mol%,Feed_iC4_mol%,Feed_nC4_mol%,Feed_iC5_mol%,Feed_nC5_mol%,Feed_C6_mol%,LPG_C2_mol%,LPG_C3_mol%,LPG_iC4_mol%,LPG_nC4_mol%,LPG_iC5_mol%,LPG_nC5_mol%,LPG_C6+_mol%,PIC3000_barg,F_kmolh,D_kmolh,RD_ratio,LPG_TVP_kgcm2
2025-03-01,Complete,normal,0.4921,8.993,11.2287,26.1597,17.2938,14.6432,21.1894,2.948,33.0776,17.7428,41.2473,3.2331,1.4566,0.2946,17.8861,319.1723,52.6008,1.1763,7.8521
2025-03-02,Complete,normal,0.6654,10.0173,13.9934,27.8849,18.881,11.6174,16.9406,3.8979,33.1077,20.1308,38.0408,3.4422,1.3007,0.08,17.8753,299.2092,54.0274,1.1166,8.2623
2025-03-03,Complete,normal,0.2157,9.0489,12.0275,28.8437,18.0537,13.9821,17.8285,1.1056,32.5941,18.7506,42.5689,3.4613,1.5194,0.0001,17.51,326.4687,52.8203,1.2307,7.1286
2025-03-04,Complete,normal,0.3945,9.5369,10.6438,28.4009,14.753,18.313,17.958,2.3423,34.8492,17.042,42.074,2.5209,1.1307,0.041,17.4126,326.0597,49.1353,1.2235,7.8142
2025-03-05,Complete,normal,0.4855,10.3601,11.121,26.333,21.1144,12.0622,18.5239,2.634,37.3731,17.2064,38.5226,3.4483,0.7769,0.0387,17.7155,315.14,55.4866,1.234,8.1524
2025-03-06,Complete,normal,0.959,9.0044,10.4293,29.4149,22.1383,14.0982,13.9558,6.5794,31.5945,16.562,40.3508,4.0124,0.9008,0.0001,17.7929,322.1405,42.6827,1.2835,9.0905
2025-03-07,Complete,normal,0.8178,8.1057,14.0223,26.1244,17.5556,10.409,22.9652,5.4523,28.6071,21.5286,39.981,3.2588,0.7968,0.3754,17.7406,331.2383,47.0466,1.0962,8.4603
2025-03-08,Complete,normal,0.4304,6.8411,12.9151,28.2327,18.46,13.9632,19.1575,2.5255,26.0321,21.2231,45.2616,3.4966,1.3865,0.0746,17.854,286.7512,50.8133,1.3121,7.0966
2025-03-09,Complete,normal,0.6487,8.8131,10.3764,25.2575,18.9934,14.7762,21.1346,3.4577,34.3276,17.1271,40.6759,2.8906,1.5211,0.0001,17.8639,289.7501,54.2736,1.3218,8.1718
2025-03-10,Complete,normal,0.5831,8.2349,12.6806,27.472,18.4781,12.5983,19.953,3.4805,29.9924,20.2027,42.2615,3.2911,0.6655,0.1062,17.9502,321.2196,52.3392,1.2476,7.8338
2025-03-11,Complete,normal,0.2952,9.816,12.7447,28.0466,17.8015,11.2049,20.0911,1.9169,35.6267,19.2383,39.9803,2.2223,0.5537,0.4617,17.8563,347.7429,44.7543,1.3212,7.7708
2025-03-12,Complete,normal,0.3593,9.8156,11.0157,25.3365,21.6414,13.0242,18.8071,1.9736,36.8215,17.7134,38.3818,3.6649,1.3849,0.0598,17.3759,302.1939,55.5551,1.2563,7.8322
2025-03-13,Complete,normal,0.2919,8.5054,13.5302,28.2242,14.9194,10.5958,23.933,1.5164,32.7641,20.6201,42.5612,1.5452,0.6724,0.3206,17.563,279.106,57.6359,1.445,7.3924
2025-03-14,Complete,normal,0.5104,8.4828,11.1051,28.0887,20.7771,14.9092,16.1267,3.3266,31.5639,18.0544,42.0396,3.6431,1.3724,0.0001,17.6544,335.5839,58.9289,1.3716,7.8622
2025-03-15,Complete,normal,0.5408,8.8621,10.0841,29.1586,20.8455,15.3612,15.1478,3.1737,32.1069,16.2906,42.1974,4.2805,1.7662,0.1847,18.0678,296.9576,51.7404,1.3459,7.7919
2025-03-16,Complete,normal,0.147,9.8332,11.0949,28.7263,17.2875,13.6853,19.2258,1.3305,34.5449,17.2951,42.6854,3.072,1.0499,0.0223,17.56,294.8441,60.7822,1.1285,7.3948
2025-03-17,Complete,normal,0.7015,9.6742,11.2616,29.3288,20.6133,9.2345,19.1862,2.7504,34.5938,17.0175,41.8438,3.0251,0.7111,0.0582,17.6369,245.4803,53.263,1.2659,7.944
2025-03-18,Complete,normal,0.476,6.9109,10.0477,24.5781,18.3742,15.186,24.427,2.9609,28.7896,17.8339,45.1419,3.7154,1.5582,0.0001,17.6542,301.5896,51.8732,1.3354,7.4542
2025-03-19,Complete,normal,0.42,9.9621,12.4136,26.6017,18.1514,12.548,19.9032,2.75,37.2431,18.8933,38.6929,1.8304,0.5902,0.0001,17.8404,319.895,50.3766,1.3608,8.2614
2025-03-20,Complete,normal,0.4329,7.9979,11.9612,27.8982,17.7496,13.4162,20.5439,2.7762,30.1366,19.2321,43.7117,3.0469,0.9681,0.1283,17.6357,279.6828,46.4879,1.2606,7.5614
2025-03-21,Complete,normal,0.9391,8.4764,11.3209,30.9636,18.2925,11.2271,18.7806,6.0246,31.4992,17.1604,43.1156,1.6272,0.2715,0.3013,17.7554,326.9967,48.5971,1.467,8.9433
2025-03-22,Complete,normal,0.471,10.8637,12.751,28.9639,17.5724,13.0144,16.3637,2.9569,38.285,18.1584,37.8569,2.0266,0.6014,0.1148,17.4219,278.7211,50.3992,1.3134,8.4175
2025-03-23,Complete,normal,0.5174,11.4482,10.9896,29.5117,15.041,14.603,17.889,2.8298,39.1207,16.0094,39.1474,1.9272,0.8924,0.0731,17.7182,288.9845,48.1526,1.2064,8.4086
2025-03-24,Complete,normal,0.6276,9.6768,13.9406,26.1487,15.9328,12.8807,20.7928,3.4732,34.097,20.965,38.2189,2.4624,0.7834,0.0001,17.9342,280.1566,50.1017,1.2028,8.2512
2025-03-25,Complete,turndown,0.0106,6.2126,8.165,25.7784,22.638,14.7449,22.4504,0.2599,40.1219,18.2383,40.8308,0.5489,0.0001,0.0001,17.4423,134.9178,20.4056,4.2488,7.6252
2025-03-26,Complete,turndown,0.452,5.0867,11.1732,19.1955,22.3442,15.934,25.8143,3.2635,30.2553,24.9072,39.8036,1.3353,0.435,0.0001,17.4732,126.4192,18.294,2.5312,7.913
2025-03-27,Complete,turndown,0.04,6.8565,6.4866,23.6984,24.5063,13.4236,24.9887,0.303,44.2594,13.9705,40.6685,0.2967,0.1382,0.3636,17.889,96.679,13.0008,3.3605,7.9521
2025-03-28,Complete,turndown,0.3732,7.7539,10.8126,18.9597,25.3883,18.5069,18.2053,2.329,45.9689,23.9057,27.4971,0.15,0.1492,0.0001,17.5019,63.9134,10.4811,3.7257,9.079
2025-03-29,Complete,turndown,0.3458,7.8115,7.2853,19.6291,25.9156,18.6804,20.3323,2.2526,47.9542,19.2903,30.0703,0.2761,0.0001,0.1563,17.1646,71.5348,11.6099,5.6893,9.1596
